<?xml version="1.0" encoding="UTF-8"?>
<beans xmlns="http://www.springframework.org/schema/beans"
	xmlns:xsi="http://www.w3.org/2001/XMLSchema-instance"
	xmlns:context="http://www.springframework.org/schema/context"
	xmlns:security="http://www.springframework.org/schema/security"
	xsi:schemaLocation=" 
	   	http://www.springframework.org/schema/security http://www.springframework.org/schema/security/spring-security.xsd		
		http://www.springframework.org/schema/beans http://www.springframework.org/schema/beans/spring-beans.xsd
		http://www.springframework.org/schema/context http://www.springframework.org/schema/context/spring-context.xsd">

  
 	<!-- Stateless RESTful services use BASIC authentication -->
    <security:http create-session="stateless" pattern="/**" use-expressions="true">
        <security:intercept-url pattern="/**" access="hasRole('ROLE_ADMIN')"/>
        <security:http-basic/>
        <security:csrf disabled="true"/>
      </security:http>
 
	<security:authentication-manager alias="authenticationManager">
		<security:authentication-provider>
 			<security:user-service>
				<security:user name="admin" password="admin" authorities="ROLE_ADMIN" />
				<security:user name="guest" password="guest" authorities="ROLE_USER" />
				<security:user name="rest" password="rest" authorities="ROLE_REST" />
			</security:user-service>
		</security:authentication-provider>
	</security:authentication-manager>

</beans>
